{
  "choice": "blend",
  "streams_used": [
    "v_hard",
    "v_soft",
    "xgb",
    "lgbm"
  ],
  "calibrator": "isotonic",
  "stack": {
    "weights": [
      0.6266195135493611,
      0.37338048645063887,
      0.0,
      0.0
    ],
    "threshold": 0.5549999999999999,
    "val_metrics": {
      "threshold": 0.5549999999999999,
      "accuracy": 0.8695652173913043,
      "precision": 0.9024390243902439,
      "recall": 0.8809523809523809,
      "f1": 0.891566265060241,
      "brier": 0.13206557711726088,
      "roc_auc": 0.8924162257495591,
      "pr_auc": 0.9013460703329202,
      "confusion_matrix": [
        [
          23,
          4
        ],
        [
          5,
          37
        ]
      ]
    }
  },
  "blend": {
    "weights": [
      0.30000000000000004,
      0.4,
      0.0,
      0.30000000000000004
    ],
    "threshold": 0.61,
    "val_metrics": {
      "threshold": 0.61,
      "accuracy": 0.8840579710144928,
      "precision": 0.925,
      "recall": 0.8809523809523809,
      "f1": 0.9024390243902439,
      "brier": 0.1445923175899037,
      "roc_auc": 0.9016754850088184,
      "pr_auc": 0.9291275593084832,
      "confusion_matrix": [
        [
          24,
          3
        ],
        [
          5,
          37
        ]
      ]
    }
  },
  "test_metrics": {
    "threshold": 0.61,
    "accuracy": 0.6375,
    "precision": 0.7592592592592593,
    "recall": 0.7192982456140351,
    "f1": 0.7387387387387387,
    "brier": 0.18079302897096267,
    "roc_auc": 0.7017543859649122,
    "pr_auc": 0.86070880784337,
    "confusion_matrix": [
      [
        10,
        13
      ],
      [
        16,
        41
      ]
    ]
  },
  "threshold": 0.61
}