{
  "choice": "blend",
  "streams_used": [
    "v_hard",
    "v_soft"
  ],
  "calibrator": "isotonic",
  "stack": {
    "weights": [
      0.6265809742668821,
      0.37341902573311786
    ],
    "threshold": 0.5549999999999999,
    "val_metrics": {
      "threshold": 0.5549999999999999,
      "accuracy": 0.8695652173913043,
      "precision": 0.9024390243902439,
      "recall": 0.8809523809523809,
      "f1": 0.891566265060241,
      "brier": 0.13206395647192565,
      "roc_auc": 0.8924162257495591,
      "pr_auc": 0.9013460703329202,
      "confusion_matrix": [
        [
          23,
          4
        ],
        [
          5,
          37
        ]
      ]
    }
  },
  "blend": {
    "weights": [
      0.5,
      0.5
    ],
    "threshold": 0.5299999999999999,
    "val_metrics": {
      "threshold": 0.5299999999999999,
      "accuracy": 0.8695652173913043,
      "precision": 0.9024390243902439,
      "recall": 0.8809523809523809,
      "f1": 0.891566265060241,
      "brier": 0.13530307368307098,
      "roc_auc": 0.8915343915343915,
      "pr_auc": 0.9000525529064846,
      "confusion_matrix": [
        [
          23,
          4
        ],
        [
          5,
          37
        ]
      ]
    }
  },
  "test_metrics": {
    "threshold": 0.5299999999999999,
    "accuracy": 0.6375,
    "precision": 0.7413793103448276,
    "recall": 0.7543859649122807,
    "f1": 0.7478260869565218,
    "brier": 0.20979108124293583,
    "roc_auc": 0.6311975591151793,
    "pr_auc": 0.801444825856688,
    "confusion_matrix": [
      [
        8,
        15
      ],
      [
        14,
        43
      ]
    ]
  },
  "threshold": 0.5299999999999999
}