{
  "choice": "blend",
  "streams_used": [
    "v_hard",
    "v_soft",
    "xgb",
    "lgbm"
  ],
  "calibrator": "platt",
  "stack": {
    "weights": [
      0.0,
      1.0,
      0.0,
      0.0
    ],
    "threshold": 0.59,
    "val_metrics": {
      "threshold": 0.59,
      "accuracy": 0.7536231884057971,
      "precision": 0.7659574468085106,
      "recall": 0.8571428571428571,
      "f1": 0.8089887640449438,
      "brier": 0.21205975342861588,
      "roc_auc": 0.7623456790123456,
      "pr_auc": 0.7897089062211986,
      "confusion_matrix": [
        [
          16,
          11
        ],
        [
          6,
          36
        ]
      ]
    }
  },
  "blend": {
    "weights": [
      0.9,
      0.0,
      0.0,
      0.1
    ],
    "threshold": 0.575,
    "val_metrics": {
      "threshold": 0.575,
      "accuracy": 0.7971014492753623,
      "precision": 0.78,
      "recall": 0.9285714285714286,
      "f1": 0.8478260869565217,
      "brier": 0.2209292101275251,
      "roc_auc": 0.7927689594356261,
      "pr_auc": 0.8369077936556563,
      "confusion_matrix": [
        [
          16,
          11
        ],
        [
          3,
          39
        ]
      ]
    }
  },
  "test_metrics": {
    "threshold": 0.575,
    "accuracy": 0.6625,
    "precision": 0.7419354838709677,
    "recall": 0.8070175438596491,
    "f1": 0.773109243697479,
    "brier": 0.2087669077377507,
    "roc_auc": 0.6651411136536995,
    "pr_auc": 0.8030003314420926,
    "confusion_matrix": [
      [
        7,
        16
      ],
      [
        11,
        46
      ]
    ]
  },
  "threshold": 0.575
}