{
  "choice": "blend",
  "streams_used": [
    "v_hard",
    "v_soft",
    "xgb",
    "lgbm"
  ],
  "threshold": 0.61,
  "blend": {
    "weights": [
      0.30000000000000004,
      0.4,
      0.0,
      0.30000000000000004
    ],
    "threshold": 0.61
  },
  "stack": {
    "weights": [
      0.6266195135493611,
      0.37338048645063887,
      0.0,
      0.0
    ],
    "threshold": 0.5549999999999999
  }
}