{
  "xgboost": {
    "threshold": 0.18,
    "accuracy": 0.775,
    "precision": 0.8,
    "recall": 0.9122807017543859,
    "f1": 0.8524590163934426,
    "brier": 0.19667496918835753,
    "roc_auc": 0.7349351639969489,
    "pr_auc": 0.8384260594408397,
    "confusion_matrix": [
      [
        10,
        13
      ],
      [
        5,
        52
      ]
    ]
  },
  "lightgbm": {
    "threshold": 0.5,
    "accuracy": 0.775,
    "precision": 0.8,
    "recall": 0.9122807017543859,
    "f1": 0.8524590163934426,
    "brier": 0.18251866032672603,
    "roc_auc": 0.7967200610221205,
    "pr_auc": 0.90359244981878,
    "confusion_matrix": [
      [
        10,
        13
      ],
      [
        5,
        52
      ]
    ]
  },
  "blend": {
    "threshold": 0.36499999999999994,
    "accuracy": 0.775,
    "precision": 0.8,
    "recall": 0.9122807017543859,
    "f1": 0.8524590163934426,
    "brier": 0.18361727185031898,
    "roc_auc": 0.7929061784897025,
    "pr_auc": 0.8998819472524422,
    "confusion_matrix": [
      [
        10,
        13
      ],
      [
        5,
        52
      ]
    ],
    "alpha": 0.15000000000000002,
    "tuned_threshold": 0.36499999999999994,
    "tune_metric": "accuracy",
    "tune_mode": "both"
  }
}