{
  "xgboost": {
    "threshold": 0.3,
    "accuracy": 0.775,
    "precision": 0.8,
    "recall": 0.9122807017543859,
    "f1": 0.8524590163934426,
    "brier": 0.19667496918835753,
    "roc_auc": 0.7349351639969489,
    "pr_auc": 0.8384260594408397,
    "confusion_matrix": [
      [
        10,
        13
      ],
      [
        5,
        52
      ]
    ]
  },
  "lightgbm": {
    "threshold": 0.3,
    "accuracy": 0.7125,
    "precision": 0.7297297297297297,
    "recall": 0.9473684210526315,
    "f1": 0.8244274809160306,
    "brier": 0.18251866032672603,
    "roc_auc": 0.7967200610221205,
    "pr_auc": 0.90359244981878,
    "confusion_matrix": [
      [
        3,
        20
      ],
      [
        3,
        54
      ]
    ]
  },
  "blend": {
    "threshold": 0.3,
    "accuracy": 0.775,
    "precision": 0.8,
    "recall": 0.9122807017543859,
    "f1": 0.8524590163934426,
    "brier": 0.18908334483306627,
    "roc_auc": 0.7822273073989321,
    "pr_auc": 0.8891834570338446,
    "confusion_matrix": [
      [
        10,
        13
      ],
      [
        5,
        52
      ]
    ],
    "alpha": 0.6,
    "tuned_threshold": 0.3,
    "tune_metric": "f1",
    "tune_mode": "none"
  }
}