{
  "xgboost": {
    "threshold": 0.5,
    "accuracy": 0.703125,
    "precision": 0.7441860465116279,
    "recall": 0.8,
    "f1": 0.7710843373493976,
    "brier": 0.22730436845263324,
    "roc_auc": 0.6911458333333333,
    "pr_auc": 0.7346225721952467,
    "confusion_matrix": [
      [
        13,
        11
      ],
      [
        8,
        32
      ]
    ]
  }
}