{
  "threshold": 0.36999999999999994,
  "accuracy": 0.775,
  "precision": 0.8,
  "recall": 0.9122807017543859,
  "f1": 0.8524590163934426,
  "brier": 0.17488874034817314,
  "roc_auc": 0.7940503432494279,
  "pr_auc": 0.8738391684765525,
  "confusion_matrix": [
    [
      10,
      13
    ],
    [
      5,
      52
    ]
  ]
}