{
  "lightgbm": {
    "threshold": 0.5,
    "accuracy": 0.775,
    "precision": 0.8,
    "recall": 0.9122807017543859,
    "f1": 0.8524590163934426,
    "brier": 0.18251866032672603,
    "roc_auc": 0.7967200610221205,
    "pr_auc": 0.90359244981878,
    "confusion_matrix": [
      [
        10,
        13
      ],
      [
        5,
        52
      ]
    ]
  }
}