{
  "xgboost": {
    "threshold": 0.18,
    "accuracy": 0.775,
    "precision": 0.8,
    "recall": 0.9122807017543859,
    "f1": 0.8524590163934426,
    "brier": 0.19667496918835753,
    "roc_auc": 0.7349351639969489,
    "pr_auc": 0.8384260594408397,
    "confusion_matrix": [
      [
        10,
        13
      ],
      [
        5,
        52
      ]
    ]
  }
}