{
  "xgboost": {
    "threshold": 0.18,
    "accuracy": 0.703125,
    "precision": 0.7441860465116279,
    "recall": 0.8,
    "f1": 0.7710843373493976,
    "brier": 0.22730436845263324,
    "roc_auc": 0.6911458333333333,
    "pr_auc": 0.7346225721952467,
    "confusion_matrix": [
      [
        13,
        11
      ],
      [
        8,
        32
      ]
    ]
  },
  "lightgbm": {
    "threshold": 0.5,
    "accuracy": 0.703125,
    "precision": 0.7441860465116279,
    "recall": 0.8,
    "f1": 0.7710843373493976,
    "brier": 0.20577204363592125,
    "roc_auc": 0.7234375,
    "pr_auc": 0.788772000792508,
    "confusion_matrix": [
      [
        13,
        11
      ],
      [
        8,
        32
      ]
    ]
  },
  "blend": {
    "threshold": 0.26999999999999996,
    "accuracy": 0.703125,
    "precision": 0.7441860465116279,
    "recall": 0.8,
    "f1": 0.7710843373493976,
    "brier": 0.21610839260785009,
    "roc_auc": 0.7088541666666667,
    "pr_auc": 0.7774043026345165,
    "confusion_matrix": [
      [
        13,
        11
      ],
      [
        8,
        32
      ]
    ],
    "alpha": 0.6,
    "tuned_threshold": 0.26999999999999996,
    "tune_metric": "f1",
    "tune_mode": "threshold"
  }
}