{
  "threshold": 0.36999999999999994,
  "tune_metric": "accuracy",
  "oof_score": 0.7654723127035831
}