{
  "xgboost": {
    "threshold": 0.5,
    "accuracy": 0.7125,
    "precision": 0.7125,
    "recall": 1.0,
    "f1": 0.8321167883211679,
    "brier": 0.20618913395810293,
    "roc_auc": 0.8123569794050343,
    "pr_auc": 0.9063282419510226,
    "confusion_matrix": [
      [
        0,
        23
      ],
      [
        0,
        57
      ]
    ],
    "predictions_csv": "C:\\Users\\Ahmed\\Desktop\\AI Models\\multimodal-tooth-restoration-ai\\models\\outputs\\xgb_test_predictions.csv"
  },
  "lightgbm": {
    "threshold": 0.5,
    "accuracy": 0.775,
    "precision": 0.8,
    "recall": 0.9122807017543859,
    "f1": 0.8524590163934426,
    "brier": 0.16284709216733018,
    "roc_auc": 0.7906178489702518,
    "pr_auc": 0.8845442883514554,
    "confusion_matrix": [
      [
        10,
        13
      ],
      [
        5,
        52
      ]
    ],
    "predictions_csv": "C:\\Users\\Ahmed\\Desktop\\AI Models\\multimodal-tooth-restoration-ai\\models\\outputs\\lgbm_test_predictions.csv"
  }
}