{
  "best_val_loss": 0.5171581850969855,
  "best_val_metrics": {
    "auc": 0.5,
    "acc": 0.6941176470588235,
    "imgs_per_sec": 48.349949162993106
  }
}