{
  "xgboost": {
    "threshold": 0.3,
    "accuracy": 0.775,
    "precision": 0.8,
    "recall": 0.9122807017543859,
    "f1": 0.8524590163934426,
    "brier": 0.1967254629618534,
    "roc_auc": 0.7829900839054158,
    "pr_auc": 0.8762154205652659,
    "confusion_matrix": [
      [
        10,
        13
      ],
      [
        5,
        52
      ]
    ]
  },
  "lightgbm": {
    "threshold": 0.3,
    "accuracy": 0.7625,
    "precision": 0.7714285714285715,
    "recall": 0.9473684210526315,
    "f1": 0.8503937007874016,
    "brier": 0.17182592519152234,
    "roc_auc": 0.8039664378337148,
    "pr_auc": 0.90285851699875,
    "confusion_matrix": [
      [
        7,
        16
      ],
      [
        3,
        54
      ]
    ]
  },
  "blend": {
    "threshold": 0.3,
    "accuracy": 0.775,
    "precision": 0.7910447761194029,
    "recall": 0.9298245614035088,
    "f1": 0.8548387096774194,
    "brier": 0.1849374037731807,
    "roc_auc": 0.7978642257818459,
    "pr_auc": 0.8954690826011218,
    "confusion_matrix": [
      [
        9,
        14
      ],
      [
        4,
        53
      ]
    ],
    "alpha": 0.6,
    "tuned_threshold": 0.3,
    "tune_metric": "f1",
    "tune_mode": "none"
  }
}